image_name,bbox,animal_exist,det_conf,super_cate,cate,cla_conf,animal_count
21-MDC-CART_09040001.JPG,"[1593, 795, 3195, 3491]",False,0.9253456592559814,human,HUMAN,0.9253456592559814,0
21-MDC-CART_09050018.JPG,"[3166, 2476, 4171, 3296]",True,0.868038535118103,animal,WHITE_TAIL_DEER,0.7322414517402649,0
